[
  {
    "recipient": "truthmiles@gmail.com",
    "recipientName": "管理員",
    "success": false,
    "error": "jgthwtoijpmmowql is not defined",
    "timestamp": "2025-06-01T23:27:40.832Z"
  },
  {
    "recipient": "truthmiles@gmail.com",
    "recipientName": "管理員",
    "success": false,
    "error": "jgthwtoijpmmowql is not defined",
    "timestamp": "2025-06-01T23:28:30.126Z"
  },
  {
    "recipient": "truthmiles@gmail.com",
    "recipientName": "管理員",
    "success": false,
    "error": "jgthwtoijpmmowql is not defined",
    "timestamp": "2025-06-01T23:28:43.004Z"
  },
  {
    "recipient": "truthmiles@gmail.com",
    "recipientName": "管理員",
    "success": false,
    "error": "jgthwtoijpmmowql is not defined",
    "timestamp": "2025-06-01T23:30:41.234Z"
  },
  {
    "recipient": "truthmiles@gmail.com",
    "recipientName": "管理員",
    "success": false,
    "error": "jgthwtoijpmmowql is not defined",
    "timestamp": "2025-06-01T23:30:53.693Z"
  },
  {
    "recipient": "truthmiles@gmail.com",
    "recipientName": "管理員",
    "success": false,
    "error": "jgthwtoijpmmowql is not defined",
    "timestamp": "2025-06-01T23:31:05.973Z"
  },
  {
    "recipient": "truthmiles@gmail.com",
    "recipientName": "管理員",
    "success": false,
    "error": "jgthwtoijpmmowql is not defined",
    "timestamp": "2025-06-01T23:31:10.663Z"
  },
  {
    "recipient": "truthmiles@gmail.com",
    "recipientName": "管理員",
    "success": true,
    "timestamp": "2025-06-01T23:38:04.128Z",
    "messageId": "<1fbf8855-4c93-8551-5685-12b52809ad68@gmail.com>",
    "gameData": {
      "date": "2025-06-02",
      "totalGames": 7,
      "clearRate": "0.0",
      "isEmpty": false
    }
  },
  {
    "recipient": "truthmiles@gmail.com",
    "recipientName": "管理員",
    "success": true,
    "timestamp": "2025-06-01T23:40:05.524Z",
    "messageId": "<faedbe5c-8e1d-f194-2bbe-1d2c3545184d@gmail.com>",
    "gameData": {
      "date": "2025-06-02",
      "totalGames": 7,
      "clearRate": "0.0",
      "isEmpty": false
    }
  },
  {
    "success": false,
    "error": "Cannot read properties of undefined (reading 'date')",
    "timestamp": "2025-06-02T01:10:33.684Z"
  },
  {
    "success": false,
    "error": "Cannot read properties of undefined (reading 'date')",
    "timestamp": "2025-06-02T01:18:42.463Z"
  },
  {
    "recipient": "truthmiles@gmail.com",
    "recipientName": "管理員",
    "success": true,
    "timestamp": "2025-06-02T01:36:38.210Z",
    "messageId": "<4f0ad418-5254-4a95-d6bb-ba6827c92591@gmail.com>",
    "gameData": {
      "date": "2025-06-02",
      "totalGames": 7,
      "clearRate": "0.0",
      "isEmpty": false
    }
  },
  {
    "recipient": "truthmiles@gmail.com",
    "recipientName": "truthmiles",
    "success": true,
    "timestamp": "2025-06-02T01:43:05.129Z",
    "messageId": "<8997ba1f-8ff7-dae5-c664-751a0564531d@gmail.com>",
    "gameData": {
      "date": "2025-06-02",
      "totalGames": 7,
      "clearRate": "0.0",
      "isEmpty": false
    }
  },
  {
    "recipient": "truthmiles@gmail.com",
    "recipientName": "管理員",
    "success": true,
    "timestamp": "2025-06-02T01:45:14.820Z",
    "messageId": "<ac6dcc86-ea4c-b669-4ac5-623be5a9db36@gmail.com>",
    "gameData": {
      "date": "2025-06-02",
      "totalGames": 7,
      "clearRate": "0.0",
      "isEmpty": false
    }
  },
  {
    "recipient": "truthmiles@gmail.com",
    "recipientName": "管理員",
    "success": true,
    "timestamp": "2025-06-02T01:45:15.431Z",
    "messageId": "<943019e8-dc60-ef7b-875f-4586dd575798@gmail.com>",
    "gameData": {
      "date": "2025-06-02",
      "totalGames": 7,
      "clearRate": "0.0",
      "isEmpty": false
    }
  },
  {
    "recipient": "truthmiles@gmail.com",
    "recipientName": "管理員",
    "success": true,
    "timestamp": "2025-06-02T01:46:22.009Z",
    "messageId": "<60964218-a2e3-1ade-83da-99290eb5ec2b@gmail.com>",
    "gameData": {
      "date": "2025-06-02",
      "totalGames": 7,
      "clearRate": "0.0",
      "isEmpty": false
    }
  },
  {
    "recipient": "truthmiles@gmail.com",
    "recipientName": "管理員",
    "success": true,
    "timestamp": "2025-06-02T01:46:22.769Z",
    "messageId": "<7ea1bd42-7749-db28-6971-b0c39cf4d74a@gmail.com>",
    "gameData": {
      "date": "2025-06-02",
      "totalGames": 7,
      "clearRate": "0.0",
      "isEmpty": false
    }
  },
  {
    "recipient": "truthmiles@gmail.com",
    "recipientName": "Miles 測試",
    "success": true,
    "timestamp": "2025-06-02T01:52:14.831Z",
    "messageId": "<d59aa06d-17eb-43ff-410b-7d4e97f163d6@gmail.com>",
    "gameData": {
      "date": "2025-06-02",
      "totalGames": 7,
      "clearRate": "0.0",
      "isEmpty": false
    }
  },
  {
    "recipient": "truthmiles@gmail.com",
    "recipientName": "Miles 測試",
    "success": true,
    "timestamp": "2025-06-02T01:52:15.291Z",
    "messageId": "<0e9234eb-a307-4440-4175-15a64ee588b7@gmail.com>",
    "gameData": {
      "date": "2025-06-02",
      "totalGames": 7,
      "clearRate": "0.0",
      "isEmpty": false
    }
  },
  {
    "recipient": "truthmiles@gmail.com",
    "recipientName": "Miles 測試",
    "success": true,
    "timestamp": "2025-06-02T01:52:42.672Z",
    "messageId": "<23dd702d-1df4-b12d-9a27-5a693c1af199@gmail.com>",
    "gameData": {
      "date": "2025-06-02",
      "totalGames": 7,
      "clearRate": "0.0",
      "isEmpty": false
    }
  },
  {
    "recipient": "truthmiles@gmail.com",
    "recipientName": "Miles 測試",
    "success": true,
    "timestamp": "2025-06-02T02:12:16.739Z",
    "messageId": "<990da312-8541-4ddf-a1ea-c39e70e93c00@gmail.com>",
    "gameData": {
      "date": "2025-06-02",
      "totalGames": 7,
      "clearRate": "0.0",
      "isEmpty": false
    }
  },
  {
    "recipient": "truthmiles@gmail.com",
    "recipientName": "Miles 測試",
    "success": true,
    "timestamp": "2025-06-02T02:12:18.050Z",
    "messageId": "<82d65a93-e1a6-a9b9-b5b8-29d29fbd602c@gmail.com>",
    "gameData": {
      "date": "2025-06-02",
      "totalGames": 7,
      "clearRate": "0.0",
      "isEmpty": false
    }
  }
]